[
  {"text": "Quelle est la capitale de la France ?", "answers": {"Paris": true, "Lyon": false, "Marseille": false}},
  {"text": "Quelle est la capitale de l'Espagne ?", "answers": {"Madrid": true, "Barcelone": false, "Valence": false}},
  {"text": "Quelle est la capitale de l'Italie ?", "answers": {"Rome": true, "Milan": false, "Turin": false}},
  {"text": "Quelle est la capitale de l'Allemagne ?", "answers": {"Berlin": true, "Munich": false, "Hambourg": false}},
  {"text": "Quelle est la capitale de la Belgique ?", "answers": {"Bruxelles": true, "Anvers": false, "Gand": false}},
  {"text": "Quelle est la capitale de la Suisse ?", "answers": {"Berne": true, "Genève": false, "Zurich": false}},
  {"text": "Quelle est la capitale du Portugal ?", "answers": {"Lisbonne": true, "Porto": false, "Coimbra": false}},
  {"text": "Quelle est la capitale de la Suede ?", "answers": {"Stockholm": true, "Göteborg": false, "Malmö": false}},
  {"text": "Quelle est la capitale de la Norvege ?", "answers": {"Oslo": true, "Bergen": false, "Trondheim": false}},
  {"text": "Quelle est la capitale de la Finlande ?", "answers": {"Helsinki": true, "Tampere": false, "Turku": false}},
  {"text": "Quelle est la capitale de la Russie ?", "answers": {"Moscou": true, "Saint-Pétersbourg": false, "Novossibirsk": false}},
  {"text": "Quelle est la capitale de la Pologne ?", "answers": {"Varsovie": true, "Cracovie": false, "Lodz": false}},
  {"text": "Quelle est la capitale de la Hongrie ?", "answers": {"Budapest": true, "Debrecen": false, "Szeged": false}}
]